{
  "stats": [
    {
      "ts": 1749816825.649981,
      "jobs_applied": 0,
      "errors": 50
    },
    {
      "ts": 1749817333.5732608,
      "jobs_applied": 0,
      "errors": 0
    }
  ]
}